,loss,min_data_in_leaf,num_leaves,feature_fraction,bagging_fraction,lambda_l1,lambda_l2,train_time
457,3.1522841420668284,6,58,0.737,0.9390000000000001,0.11771851291840565,2.7630021067447728,1.0494887649547309
343,3.1575543974863343,4,50,0.7120000000000001,0.8759999999999999,0.8565286996537627,2.7421312683112733,0.9811389720998704
402,3.1593954904774977,6,59,0.732,0.903,0.5544660548450141,2.024333651756816,2.0291623070370406
325,3.1604022696168106,6,51,0.731,0.9309999999999999,0.10699625962582453,3.185813957127924,0.9443053011782468
283,3.1649183239454817,7,63,0.757,0.797,0.2607450750196638,3.48229452937226,1.2033348469994962
478,3.165734986969772,2,48,0.845,0.9,1.1326625520521725,2.0889837308810697,0.9977760401088744
404,3.1670774755629143,6,60,0.745,0.9390000000000001,0.7692069404576638,2.401894463383341,1.1614467299077658
373,3.16751258944358,4,55,0.6990000000000001,0.965,0.3077818688365037,3.4055551354533167,1.4849420299287883
285,3.1691396975688786,8,61,0.732,0.924,0.5638282334079573,3.4788738100544565,1.916341156931594
322,3.1725143629470995,5,59,0.745,0.9,0.1059539355085982,1.7809772772717574,1.0887416191399095
471,3.1737423332233856,5,62,0.71,0.9990000000000001,0.94565901340299,0.9563658027576394,1.1667590797878802
271,3.174616975195072,11,62,0.899,0.586,1.1945020906150332,2.0401137098922635,1.1705109737813473
282,3.1766245082066757,10,63,0.823,0.7090000000000001,0.23019292413076906,0.7612096825198839,1.4614304939750582
495,3.1775248513844434,6,46,0.718,0.872,0.4553585010967371,2.056288015965567,0.8977379759307951
439,3.178754056668873,6,63,0.7509999999999999,0.807,1.1317394109682841,3.3623339845637994,1.49137730919756
470,3.1797204155980134,6,53,0.772,0.9990000000000001,0.5896601018328638,2.847470987096342,0.9926283939275892
270,3.1804065649669826,13,60,0.899,0.5820000000000001,0.9306168246993124,1.3557753295508077,1.1478155120275917
147,3.180921298035895,13,63,0.88,0.654,0.9607695480724964,1.3428202225504364,1.0817105930764228
148,3.181148099112362,13,63,0.8809999999999999,0.6970000000000001,0.9074724329533976,2.4259178200719678,1.1070896252058446
441,3.1822406763166327,7,59,0.845,0.752,0.29466068844228005,2.4015827119367783,1.1255288340616971
320,3.182508164653512,4,64,0.856,0.9390000000000001,0.1760548761245016,2.233035530868066,1.2572705098427832
417,3.182985748510478,7,59,0.6629999999999999,0.9990000000000001,0.4237761106469317,3.2063556321036786,1.1394394249655306
406,3.1831857437289424,8,59,0.747,0.857,0.7949085142748188,1.9379084487029128,2.5111619110684837
158,3.18393542860389,12,54,0.8240000000000001,0.5920000000000001,0.6393871968176672,0.8573303841118559,0.9492984639946372
190,3.1844110498488813,6,56,0.884,0.636,1.4776612662383264,2.0900264970092137,1.1008516398724169
303,3.1853871937526725,10,63,0.7859999999999999,0.997,0.8063253559929696,3.2713183912893333,1.1227870180737227
428,3.185553055997297,1,64,0.6729999999999999,0.941,0.1123007352211419,1.792906069487907,1.2103205700404942
306,3.185663713733373,5,57,0.725,0.951,0.5735731083247253,4.507985019053465,1.1047720860224215
408,3.18733144602282,4,58,0.762,0.902,1.2545025672511172,2.1527019563707226,1.6192228738218546
423,3.1886149292596,4,63,0.7809999999999999,0.9179999999999999,0.4616001086733286,1.5249021368199749,1.4122388269752264
422,3.1898294178955293,3,48,0.731,0.746,0.7139140265578905,2.315011427438421,1.0892512518912554
336,3.190378304479753,5,59,0.58,0.892,0.3686681095498837,3.849105799968569,0.9966126240324228
351,3.1906824972951533,4,46,0.72,0.998,0.10602213343432827,3.121743057045933,0.868870539823547
431,3.1909477059172398,4,61,0.7659999999999999,0.98,0.6003201648891991,3.059454623037825,1.1550188818946479
257,3.1912462261281003,17,53,0.8440000000000001,0.501,0.9653698922602714,0.3153044029831269,0.9253138999920338
420,3.1921282228039884,5,60,0.804,0.961,1.094676473100394,2.744004652798961,1.2097754341084508
302,3.1921912740635197,7,59,0.695,0.764,0.3043844501738712,3.811378754324779,1.0760589330457149
405,3.1922210319300985,6,56,0.787,0.975,1.066615431305605,2.3474637907135314,3.1089318161830306
485,3.1924062159526034,1,37,0.879,0.902,1.2287142501438626,1.4120020443592736,0.8560575600713491
458,3.1926819039989702,13,63,0.792,0.7290000000000001,0.10352459484020013,0.936153277524444,1.1112598758190868
414,3.1926909688400174,6,62,0.6729999999999999,0.848,0.7630335012445733,2.517352195856548,2.0672224320005625
159,3.1927373441020603,17,53,0.696,0.504,0.10562689376520408,0.3189016630657442,0.8806773978285491
479,3.193003003540982,1,43,0.853,0.247,1.098073576805264,0.6325568610935879,0.9690397970844059
409,3.19390510166382,5,57,0.7959999999999999,0.9329999999999999,0.8754997259708248,2.9735335304958417,1.6627385269384831
292,3.1943045421341982,7,58,0.757,0.966,0.11935814781389155,4.0974828419777545,1.082168067106977
277,3.194998168870129,14,64,0.769,0.607,0.4444400030127906,1.0505843151089966,1.0898133418522775
125,3.195282962069676,18,47,0.848,0.7390000000000001,1.6252652059833392,3.7649625705368917,0.9415120349731296
448,3.1960317771369007,1,58,0.7190000000000001,0.787,0.542151029921649,1.92049579365369,1.1976076089777052
31,3.197419268989399,11,54,0.889,0.162,1.028331464392368,1.7579899276982922,1.0498002839740366
118,3.197671371316088,11,60,0.805,0.904,0.28460513456738723,3.4676413879234977,1.0339494501240551
401,3.1980242828618537,5,59,0.774,0.889,0.10348267857511212,2.5043512255858538,1.8988301858771592
310,3.198903923038439,11,63,0.782,0.8109999999999999,0.4014544747684308,2.9194721777604915,1.1232760280836374
438,3.1993158444949312,2,53,0.616,0.907,0.4849021128188842,3.1707603700563496,1.0195522410795093
149,3.199382969809996,16,64,0.86,0.642,1.9103956977338448,1.0605596521926821,1.153652518056333
467,3.1996897777348168,8,58,0.6809999999999999,0.91,0.42048697523212775,2.6003010487799716,1.0351056109648198
411,3.1998894453966025,1,53,0.813,0.9990000000000001,0.5988870554577908,1.4774688101962217,3.946301158983261
453,3.1999819845128608,2,55,0.8270000000000001,0.82,1.0988812927322886,2.565418773436878,1.1199770760722458
403,3.200448795668541,3,61,0.6809999999999999,0.9620000000000001,0.6359747964706716,2.8000091324145493,1.7537329599726943
443,3.200680887740627,5,52,0.682,0.927,0.1012135706641372,4.0181344718919565,1.7315999278798702
407,3.20105653857832,2,54,0.7040000000000001,0.948,0.38698175712830496,2.2872502353536586,1.5899192008655518
291,3.2028864053768364,6,64,0.68,0.9229999999999999,0.6812638149149559,3.5067966091479343,1.1538730130996555
236,3.2029307099922963,12,58,0.841,0.7609999999999999,1.7145211872023811,2.2783867887599536,1.0981718359980732
272,3.2030863381225627,13,62,0.898,0.586,1.2222227123133438,2.310162165363065,1.1918181281071156
275,3.2046719554997067,11,61,0.899,0.6940000000000001,0.6710965360849853,1.9293233579500784,1.2049749558791518
98,3.2051986142852456,18,56,0.774,0.541,0.4470437831410381,1.3878392998501925,0.9878107351250948
279,3.2053123986295518,12,60,0.7959999999999999,0.736,1.126064837283544,1.7122336948089183,1.3755729040130973
449,3.2055027001925174,5,60,0.784,0.9420000000000001,0.9132289583847804,3.4899975954868454,1.306301684118807
70,3.2059128991620063,12,57,0.741,0.27399999999999997,1.8285725817889045,2.5546384504245485,1.0118100082036108
224,3.2063845094435277,14,48,0.731,0.667,0.3317147557946931,1.7467909174400598,0.8378155289683491
145,3.2064230811728818,18,51,0.7829999999999999,0.581,0.667972274446184,1.5504948387613022,0.9039112830068916
345,3.207062446287198,2,47,0.718,0.9520000000000001,0.14731107263913967,5.14963897147116,0.9271777588874102
324,3.208019176553748,3,49,0.67,0.87,0.5214278924854158,3.976742911168633,0.974245375022292
189,3.2086964015348323,4,44,0.741,0.506,0.10938603054843332,0.7176196863478043,0.8575307761784643
161,3.2091736215565128,16,57,0.6890000000000001,0.495,0.6281456040689407,0.8094713345046594,0.9680213849060236
78,3.2095129845398294,10,57,0.866,0.539,1.734046048841336,0.3691623060441889,1.1127881749998778
394,3.209605133138621,1,54,0.5770000000000001,0.8390000000000001,0.5171319253085196,3.164636854108318,1.2720260100904852
434,3.2096479092125296,3,60,0.7140000000000001,0.888,1.3406215216827977,2.872165282762385,1.1405040810350329
203,3.209808499507224,11,60,0.784,0.6709999999999999,1.4259541173836423,2.9464111905257706,1.062151804100722
286,3.210247901516029,3,60,0.63,0.976,0.2446226573785697,4.221488024082107,1.1602716729976237
143,3.2110263664836967,23,53,0.87,0.684,1.4463713930047004,3.6338306672634464,0.9488032518420368
152,3.2111701957601766,8,62,0.883,0.6579999999999999,1.5093922918479268,1.3271237252914896,1.1280341830570249
280,3.211245201089595,11,59,0.865,0.679,1.700060285463914,2.103016292305661,1.136413365835324
290,3.2113678423094507,5,59,0.6509999999999999,0.9009999999999999,0.5792236706235321,3.2125455902270956,1.0472247221041469
150,3.2123104385972363,14,58,0.871,0.522,0.9959444047910421,2.556106752391225,1.0145367160439491
233,3.212367448554581,10,44,0.7190000000000001,0.684,0.8791964959502956,3.1294989935055506,0.8129805289208889
412,3.2124975590601865,9,60,0.722,0.8240000000000001,0.2764877741439167,2.6595216065466767,3.922071401961148
154,3.213187484581087,13,56,0.858,0.675,2.306558863030061,0.6312937057981713,1.002534006955102
274,3.21451752602337,10,60,0.8859999999999999,0.573,2.2629526034670486,1.4783652235590576,1.2736941499169916
278,3.214599731648538,15,63,0.899,0.547,1.3974846181603793,2.7262359202868254,1.1440670469310137
361,3.21471883981535,7,48,0.6629999999999999,0.9420000000000001,0.9548058133529158,3.9943700903917128,0.8668105660472065
473,3.21477545794503,3,51,0.805,0.88,1.3606993676917851,7.280494958880428,1.029182611964643
355,3.2155274590149983,28,41,0.7559999999999999,0.977,0.3844333141496773,4.913280724102902,0.7087272889912128
466,3.2155707600794363,14,64,0.815,0.938,0.7613090321912974,2.9150040642667476,1.1109228229615835
284,3.2157412248824917,7,63,0.7070000000000001,0.8,0.1280316303117262,3.7072118236901512,1.1597160350065678
180,3.2160914035990404,26,53,0.836,0.52,0.9894186666600759,0.3489947273724132,0.9195442190393806
163,3.217801610012786,5,64,0.5539999999999999,0.462,0.8779274736205769,0.4803631488782841,1.1380537617951632
276,3.2178133423721578,13,62,0.8290000000000001,0.6509999999999999,0.8453161613867493,1.3005348627360962,1.1405693818815053
146,3.21801652721721,20,55,0.8240000000000001,0.622,0.4397159586798465,2.8206600371802746,0.9599797148257494
239,3.2192638330854857,22,60,0.768,0.711,0.4519264276484978,0.7989302015472644,0.9947252939455212
126,3.219550262378112,16,47,0.89,0.914,1.5497039520367657,6.157048169429943,0.9143400280736388
415,3.2196328941852514,3,64,0.745,0.9790000000000001,0.9849830350080993,1.9629573796998794,1.3033968009985983
153,3.219759601752239,10,62,0.8390000000000001,0.7390000000000001,1.1746136645346836,2.2868175314815176,1.0752833378501236
365,3.22152621965356,3,47,0.711,0.7809999999999999,0.3735628420548125,2.521880126151199,0.91572476294823
483,3.221832696673858,4,46,0.871,0.718,0.1223510133340437,2.20499771264254,0.9498237031511962
451,3.22191785155753,12,57,0.765,0.914,1.8352155584621441,2.2712410958807507,1.0877092140726743
48,3.222168718365283,4,59,0.636,0.8340000000000001,1.047146511006962,2.8269930136794867,1.1017780411057174
208,3.222195225719118,3,62,0.867,0.588,1.63469779571618,3.2393242883963875,1.2080785341095182
155,3.2223841060855443,9,47,0.882,0.551,0.8428802117516485,1.8828982211746417,0.872136641992256
493,3.2225428078473985,8,48,0.767,0.85,0.9223575831166952,3.242080441630604,0.9205218248534948
212,3.22264064406587,14,52,0.851,0.612,0.3062626164779313,1.1880036890792642,0.9526937021873892
273,3.2228032098373323,10,64,0.866,0.528,1.9174808145564284,2.623616175105236,1.2972417490091177
82,3.2228991366887905,18,57,0.816,0.102,1.2767926503852591,1.2456830204084155,1.1547072429675609
166,3.2234430536968697,19,63,0.825,0.5529999999999999,1.8044405288009615,0.21912496233099787,1.1123687878716737
296,3.2236353793572126,1,64,0.773,0.89,1.4089797773589046,4.808827561170781,1.2582421291153878
459,3.224928926697762,10,58,0.758,0.924,1.6219920519436652,1.214936174442526,1.1520954319275916
219,3.2252757572753983,5,59,0.899,0.745,2.9422016942356017,0.5229341948692557,1.106722193071619
424,3.2268033004655643,2,58,0.7509999999999999,1.0,1.9185931907037337,2.8497436032776027,1.5985596089158207
184,3.227353761589029,16,60,0.79,0.675,0.5231545605321098,0.9916858005067224,1.0341437289025637
256,3.2275030476526605,16,56,0.8109999999999999,0.75,0.29743687692651183,1.7764294016072464,0.9634628449566662
168,3.2278407799077686,15,58,0.763,0.593,1.0788969011617062,1.5612745240647952,1.0260584848001602
157,3.2278667777852434,15,61,0.733,0.706,1.291198897413968,1.219150882201588,1.0416784828994423
447,3.2279175167408813,3,51,0.74,0.899,1.283614756366254,2.975015548091721,1.0679954190272838
262,3.2281816655969835,13,54,0.777,0.628,1.53347795249065,1.3118027130188472,0.9399854729417711
474,3.228454866339116,1,63,0.727,0.9420000000000001,0.3414042124127885,2.443836775499857,1.2555431749206036
264,3.2284572865227843,25,61,0.898,0.46299999999999997,0.6724969023557507,1.947567091840548,1.0545193110592663
484,3.228857216463222,5,48,0.825,0.7709999999999999,0.5490691853703323,3.011520464284109,0.966768661979586
71,3.2292697925043354,11,58,0.747,0.33,1.9305784408603317,0.8846195997194952,1.0609915261156857
269,3.229780884950128,16,51,0.743,0.489,0.11399157041473952,0.5989034275096606,0.9135825328994542
295,3.2298475449141804,4,55,0.585,0.8420000000000001,0.8093539566332212,5.58936417105584,0.9830527799203992
230,3.230332348070728,8,46,0.868,0.574,1.9975413834864408,3.4270878220428083,0.8941602450795472
35,3.2307837297128903,9,43,0.773,0.267,0.9741457430088004,3.281422386467429,0.8312851500231773
427,3.231142231953966,10,62,0.6920000000000001,0.863,0.10499416261987823,2.1236247278240192,1.0145961961243302
429,3.231641880630415,8,50,0.836,0.782,0.8932470371637276,3.628229509773951,0.9654779760167004
328,3.2318732805942574,5,51,0.589,0.9359999999999999,0.10859126516046992,3.580236594074918,0.9294680529274046
435,3.2319467887986675,11,57,0.636,0.8740000000000001,0.9458011595138582,1.9480766058284888,0.968773300992325
164,3.2323278406621623,17,53,0.792,0.519,0.11434428496193814,0.8217709949526586,0.9327298970893024
436,3.2325370223988013,9,47,0.816,0.769,0.11157838763823967,1.356382163483884,0.8640896340366453
102,3.232622609097208,20,49,0.605,0.867,0.12503571789295032,3.054201410741544,0.8549771909601986
450,3.233049026081937,9,47,0.662,0.8859999999999999,0.28153482743318753,4.262026240714578,0.9515804550610484
260,3.2331348229047547,23,52,0.87,0.593,1.2960552230275448,0.3325290562726595,0.9110315300058572
265,3.2337387611179502,14,53,0.726,0.514,1.6772275185477523,1.0608270316035708,0.9308694968931376
171,3.2338920134292715,12,61,0.731,0.54,2.697514129443153,0.10847480456797376,1.0735786890145391
179,3.233925308149796,14,42,0.779,0.409,0.3229569607695815,1.9268409781668605,0.7882448700256646
494,3.2340371320647137,1,52,0.8690000000000001,0.7609999999999999,2.7086295132997744,2.7846952533163165,1.099791337037459
66,3.2340945495474447,9,51,0.787,0.13699999999999998,0.6681538281545135,2.4428213781381802,0.9591324720531702
131,3.234113952145844,1,54,0.727,0.78,1.0911211290493046,6.986582836589947,1.0928045099135488
386,3.234863606754488,10,48,0.722,0.953,1.2167311606593287,3.9835059481321,1.5741193629801271
123,3.2349898330178206,8,33,0.772,0.87,0.5630743393390112,5.114533265291797,0.6691060189623386
266,3.2349984259753737,17,48,0.851,0.609,2.4513930409734517,0.7724150090016115,0.958609852939844
475,3.2352851684334496,11,60,0.7809999999999999,0.8590000000000001,2.4285993319191066,3.851690865537142,1.152232919819653
487,3.2361264017688645,4,44,0.799,0.875,1.4485798533070005,0.8561664242520857,0.912621283205226
481,3.2362656981717217,3,44,0.863,0.833,2.188883430375628,1.997344403937125,1.2163429451175034
209,3.2365383648603214,15,58,0.82,0.807,2.3997218471551878,3.572792764228515,1.0838536270894108
323,3.236544800918609,2,53,0.625,0.904,0.2854029508510526,6.244013870085974,1.0224911361001432
185,3.236580317331525,8,62,0.899,0.589,2.847719847593174,2.9700702644144874,1.1839470530394465
134,3.2378242311199847,14,46,0.792,0.9109999999999999,1.9665708883991213,4.856379509381688,1.0654699981678275
80,3.2379573029410564,21,48,0.899,0.42200000000000004,2.20450734634302,0.454646741204547,0.9250475910957904
287,3.23803709438575,8,57,0.67,0.987,0.34011869608374296,4.603138188738441,0.9990628098603338
258,3.2383882982787737,19,47,0.8440000000000001,0.389,0.8420349100577036,0.9444429590722028,0.8337747368495911
251,3.2390602896243617,14,42,0.754,0.517,1.1881459876997285,3.310427878302608,0.7664193511009216
261,3.239379874623971,15,57,0.8170000000000001,0.657,1.9843027382849092,1.6077997015814405,0.9945191771257668
316,3.2393956414254603,12,52,0.643,0.8340000000000001,0.7330306544328442,3.2989661657489133,0.9188713850453496
267,3.23940890188503,18,64,0.804,0.555,0.3468812454788396,1.6665345414137904,1.0821983341593295
480,3.2394874127269304,2,41,0.812,0.8220000000000001,1.6193223138353607,1.092675643191371,0.968921319115907
192,3.2399160401952054,3,58,0.8809999999999999,0.721,2.5487881350637402,2.6851158387287906,1.1553767200093716
151,3.2399601225861696,13,63,0.899,0.706,2.5355224508808525,2.0993736104401526,1.1219201548956337
329,3.2399934614188743,3,45,0.6579999999999999,0.9259999999999999,0.6926347832129652,4.148887646593424,0.8871156151872128
259,3.2399967208640765,22,50,0.887,0.539,0.5096563439950582,0.5580210692573562,0.8847733680158854
65,3.2401901582180446,8,43,0.8740000000000001,0.221,1.0021662377142244,3.285286951682448,0.9588671890087426
79,3.2402956479212395,17,55,0.8740000000000001,0.349,2.561625963240503,0.14219674747575886,1.0973717540036887
34,3.2406650975007785,9,41,0.873,0.27899999999999997,2.08714040401591,3.164230738557172,0.8310089840088041
288,3.2419336330723905,5,61,0.617,0.813,0.4843088997969936,4.471348710471678,1.0967368599958718
135,3.2422660456896493,5,52,0.893,0.9570000000000001,2.989696115900797,5.415444547673743,1.0441254219040277
416,3.2426547584526886,1,55,0.767,0.9079999999999999,2.1359725283610045,2.133138900214927,1.1547906389459968
387,3.243418930748852,9,42,0.7959999999999999,0.975,0.29176545516950697,5.2614625637997845,0.8209767008665949
456,3.2436360014207404,11,64,0.632,0.875,0.4850379730673973,4.439936912265049,1.0739506441168487
418,3.2438504601398637,8,57,0.7,0.9359999999999999,1.391033280398689,1.637150559256737,1.0517460980918258
22,3.24403892359666,23,56,0.899,0.419,2.7322135861919845,0.32033411861936845,1.021207403857261
497,3.244088910641005,9,41,0.754,0.7040000000000001,0.6769048219862207,2.28692218858625,0.8153117410838604
231,3.2442276699383217,21,50,0.8140000000000001,0.789,0.5984293572741594,0.6238046676769113,0.8739363991189748
38,3.245070542936692,15,52,0.7609999999999999,0.315,0.11101211999809413,2.8476328219633285,0.9329573649447412
183,3.2452533708296127,23,49,0.75,0.385,0.10276334119336576,1.3572383474759608,0.8807713200803846
314,3.245440682068641,8,58,0.8029999999999999,0.759,1.8038918904695465,3.600939006893958,1.1198555699083954
364,3.2457221259324105,9,52,0.7659999999999999,0.88,1.1314067421639398,4.7503897207296575,0.9436259800568224
263,3.2457965765885652,18,59,0.831,0.43799999999999994,0.9924808503670212,0.16598208473170395,1.0039413599297404
69,3.2460206135403906,2,44,0.6859999999999999,0.183,1.4995881954965888,3.4113324483792518,0.8872751460876316
92,3.2469079043140163,13,63,0.797,0.311,1.686707589399575,0.7890077416877039,1.1739072871860117
241,3.247387469068948,6,40,0.8759999999999999,0.603,1.083601972797352,5.9260386368754885,0.8987826290540397
377,3.247906356832692,8,53,0.525,0.9670000000000001,0.525762079313012,4.073919449870224,1.27511718403548
254,3.248004978025331,12,63,0.857,0.495,2.9330236862056727,2.867669356002661,1.1130964409094304
367,3.2484545753665315,1,42,0.743,0.847,0.6968505629075927,4.201770535981736,0.8726797238923609
217,3.248734661139536,9,41,0.779,0.536,1.3013569739528892,7.442033938447268,0.7872533870395273
108,3.2489059882273232,27,51,0.7440000000000001,0.32799999999999996,1.4058245265838047,3.3100821206324382,0.8717070149723442
293,3.2489275859451694,3,62,0.605,0.951,1.2188470510788805,3.523801929620992,1.1521118038799614
390,3.24952479071845,4,44,0.809,0.7609999999999999,0.8153012740014993,3.015963527020478,1.41614978807047
488,3.251119704939671,3,38,0.8370000000000001,0.738,0.29387537737181485,9.975388811974668,0.8452234028372914
446,3.2514596125497652,6,49,0.5589999999999999,0.966,0.7917126513256975,1.1228409115724705,0.9739065470639616
182,3.2516770966351256,19,52,0.8140000000000001,0.48100000000000004,1.2474253746794763,9.200736626465424,0.947034734999761
397,3.2518279302744424,5,58,0.713,0.987,1.4151508365612375,4.116399445218319,1.1622762829065325
382,3.2519495747263885,6,54,0.624,0.794,0.10558216265808933,4.253271435867933,0.9298869480844588
315,3.2530000366137433,2,62,0.6940000000000001,0.97,2.0792017000276166,2.017506888110142,1.2036309239920229
243,3.2530052512656598,15,49,0.8,0.6459999999999999,2.1994482354635068,4.695374277409449,0.9041305871214718
250,3.2535911896998657,8,36,0.836,0.86,0.10256046958531373,1.4165326138744891,0.7025238708592951
298,3.253778705470085,5,56,0.6829999999999999,0.826,1.0367219976047766,4.325968648787216,1.002817285945639
340,3.2546540228079186,4,54,0.546,0.905,1.086330097115799,3.5326036978421436,0.9363548359833658
197,3.2547545811711167,4,59,0.865,0.7509999999999999,3.5288320744194346,9.967914622770603,1.207558348076418
421,3.2551688052605847,9,53,0.8270000000000001,0.8420000000000001,0.2389788913463176,2.50349203169944,2.01494575990364
370,3.255321573165201,6,53,0.755,0.812,2.3252520904261704,2.820280574151319,1.2963713109493256
344,3.25635635236543,2,44,0.667,0.973,0.7782019503005856,3.941195709863439,0.9216693539638072
461,3.256490947707974,8,60,0.856,0.792,2.742538887558666,2.7217644033621555,1.1010064741130918
181,3.2575481291231227,11,63,0.72,0.755,2.3557479279472187,2.363727585417485,1.111787241883576
442,3.257817561071179,4,56,0.805,0.846,2.485500093619737,2.6229789531631837,1.1177105729002506
27,3.2578438632102724,21,56,0.561,0.364,0.602335646064432,2.3520613653566182,0.932331017917022
24,3.258010522145409,23,55,0.483,0.397,0.3858691196384205,1.2093449205537254,1.0631670418661088
454,3.2580731974953414,4,54,0.604,0.852,0.6920522534956041,2.0351711491216142,0.9862273698672652
140,3.258411346925783,7,50,0.899,0.852,2.2056234378885,6.401462585312655,1.0100421579554677
72,3.2587029657591957,21,55,0.725,0.597,0.7229683723564011,2.615723577287597,0.9404787907842548
136,3.2599581106040936,28,61,0.7140000000000001,0.889,1.6826640674692666,4.333063349496699,1.00552040617913
433,3.2601953197243585,5,55,0.7340000000000001,0.9620000000000001,2.175342435835962,3.4521455190168213,1.2900702650658786
81,3.2609135431833844,6,32,0.8590000000000001,0.531,1.8478714705656616,0.8819976203980318,0.7342819219920784
437,3.2610965146985937,12,49,0.657,0.948,0.6729981026757031,1.5414958301341144,0.8433519070968032
238,3.2614191696387613,17,54,0.785,0.47600000000000003,2.7324979916081027,0.4374951755449312,0.9439129629172384
469,3.2617782519991336,7,39,0.835,0.313,1.9704546739447208,3.1355135348219734,0.7906340619083494
362,3.2621972313395697,6,50,0.6459999999999999,0.8390000000000001,1.3946786036183243,2.224728098710352,0.8901208210736513
89,3.2627931569367017,27,60,0.597,0.13,0.7948139045895,3.8216295311005055,1.8499190688598899
491,3.262837573991833,4,34,0.7859999999999999,0.955,0.11995948432625192,4.098037533838847,0.7899582870304585
432,3.2630224554349065,7,51,0.594,0.9209999999999999,1.5974399707944902,2.690301321268852,0.9841591988224536
100,3.2636525420081948,24,60,0.764,0.16399999999999998,0.19930333521585555,2.544074361554605,1.100385525962338
334,3.263944995595648,3,52,0.623,0.9520000000000001,0.6670049785711448,4.3482667017121575,0.9630674219224602
305,3.2647071146117845,9,55,0.752,0.855,1.1864736830609033,3.4334914167488706,0.9902554550208152
294,3.2655884821937966,8,61,0.7070000000000001,0.9359999999999999,0.21620036571316706,3.919869368236767,1.065419073915109
173,3.265743533546602,12,50,0.573,0.774,0.7329755544389341,1.7778087691982305,0.8610459519550204
366,3.2668161426734317,8,55,0.6809999999999999,0.986,1.6276838350827327,4.553419629988262,0.9762609340250492
489,3.267371405989528,1,32,0.795,0.8440000000000001,1.9435466435439448,3.4075697470670314,0.7508011360187083
213,3.2676605324927945,11,48,0.754,0.722,2.091493943973619,4.942761515843129,0.9343094320502132
385,3.2677888162294333,4,35,0.6659999999999999,0.9990000000000001,0.10421765764436143,3.4110581939691302,0.6817923949565738
129,3.268885671702635,20,43,0.8140000000000001,0.853,2.4036273744988907,3.935195457226012,0.8664173919241875
246,3.268983168043909,7,51,0.565,0.414,1.4789518966875068,2.134698660486981,1.0712503660470247
227,3.270460532736032,19,54,0.667,0.625,1.5437631223722368,0.9820694778249708,0.9050579390022904
440,3.270675557472522,8,45,0.779,0.9840000000000001,1.6761392547760725,3.7674887793060567,0.8918573658447713
68,3.270959101116377,16,47,0.594,0.243,0.33076965453621765,1.4407121080139538,0.7867642161436379
413,3.2714063793386816,4,51,0.639,0.812,1.2545388400187654,8.473544485757332,7.399852950125933
299,3.2714881284138646,10,58,0.47,0.912,0.4537307052346091,2.9912564620357847,0.9323753509670496
499,3.272682055889484,4,46,0.6890000000000001,0.972,1.5128481019454016,0.493404160057957,0.9082993699703366
372,3.273107824580564,5,32,0.664,0.927,1.3436027386019214,1.8429249762580224,0.980203680926934
331,3.2732708061361544,1,43,0.638,0.889,1.2938287302574667,4.940344103608201,0.9248145478777589
132,3.2733036074499218,19,37,0.8320000000000001,0.8270000000000001,0.8054980311055094,7.632518075653915,0.7640702270437032
232,3.2735315211427585,11,60,0.588,0.525,1.345089172304205,1.2378423866199375,0.9826783598400652
333,3.2735465182489007,1,37,0.7040000000000001,0.8540000000000001,0.9045543785267772,3.0822555646425878,0.757104174932465
398,3.27372983958096,11,56,0.65,0.778,1.7482869688410172,3.6382233145510576,1.1470847390592098
85,3.2741899394237266,29,53,0.888,0.166,3.7088918054834914,2.118186531005578,1.82274059811607
396,3.275066036643337,7,52,0.7,0.951,0.9726526783181072,7.040081836311646,0.9386473649647088
486,3.2754299580023467,2,49,0.845,0.8059999999999999,3.438452881957928,1.7749393957909725,1.0127279318403453
175,3.2757862724675118,9,57,0.5329999999999999,0.696,1.6686825934860328,0.4865706745468354,0.9808949939906596
84,3.276021773541604,24,62,0.76,0.645,2.927443563113381,2.4198199279607926,1.1062366089317948
301,3.2776118174240985,6,62,0.659,0.88,1.8800986576083016,3.12054294936734,1.0995231759734452
300,3.2786990587544405,9,60,0.716,0.7909999999999999,2.185328933446449,5.399498606909387,1.0923609151504934
341,3.279144686250861,7,58,0.655,0.932,2.310021207695072,2.988101366930398,1.0059321350418031
410,3.279264969628794,7,55,0.688,0.882,1.5826834644223826,1.6691029357703588,4.171875855885446
425,3.279548854620532,7,56,0.65,0.893,1.50071395884282,1.1738474816584974,1.5103539139963686
216,3.2800144497198813,2,55,0.511,0.88,0.5332884090013197,9.560126655880447,0.951843512011692
426,3.2801628067135513,35,54,0.7170000000000001,0.8009999999999999,0.2931054600907168,3.2564476800611435,0.9027932321187108
113,3.2806450632930497,13,29,0.8370000000000001,0.7709999999999999,1.1322831027038385,2.7353417919403182,0.9585647850763052
244,3.2808236336698005,4,55,0.883,0.447,4.9485377629064535,1.2252870270218414,1.0978073480073365
58,3.2813508403343636,20,46,0.685,0.76,1.7135144063438819,0.10341267790259567,0.9071178750600666
245,3.2817718554334414,17,59,0.682,0.5710000000000001,2.620606843153041,2.57345205983076,1.009792371885851
139,3.2824195326848677,11,30,0.8079999999999999,0.759,0.311360829644745,2.0361343417983537,0.5934451939538121
76,3.28282601723117,12,41,0.637,0.49200000000000005,0.3424041309960094,1.496060235383059,1.165765847079456
67,3.282966356205535,7,39,0.835,0.38,2.4261060566313404,2.99037779883337,0.806463013170287
358,3.283175187314256,37,38,0.742,0.919,0.5382405355608451,2.7652018307460047,0.6505438010208309
194,3.283255259808848,2,61,0.83,0.637,4.577805736111358,2.1872318939822617,1.173255316913128
327,3.2837893678367185,5,47,0.526,0.96,0.1266905311870994,3.1063567905149685,0.8624324081465602
304,3.28419887819395,8,61,0.511,0.835,1.6713283894494833,5.222231748692245,1.0373646561056376
472,3.2848621674107017,27,50,0.745,0.8,1.7632684855570904,1.3181944058384216,0.8603830959182233
371,3.2850935649618243,2,57,0.48100000000000004,0.87,1.8162657390221741,2.1761091537554025,1.1962331410031766
127,3.2853470044719195,22,49,0.848,0.802,4.8629557689675895,4.559403805638251,0.9003761059138924
41,3.2857532037308013,3,34,0.8909999999999999,0.359,1.0023681843548744,3.829936094686684,0.7734605090226978
193,3.285800844138244,5,55,0.898,0.8290000000000001,5.22031417218416,3.1187208894491967,0.9886218139436096
220,3.286012769846223,10,35,0.828,0.489,2.494348924756689,2.336021278233322,0.7006175930146128
444,3.287239129037743,1,62,0.7,0.8640000000000001,3.0267245332088684,2.1427552682729463,1.2581293089315295
199,3.2875940447139937,7,50,0.853,0.603,3.904624102332861,2.0607087993906785,0.9753283441532404
18,3.2876717666089017,22,62,0.894,0.275,4.536318365208583,4.504046058809613,1.0902413111180067
318,3.2886629076055223,10,57,0.602,0.741,1.5879401147529442,4.755108576394638,1.0324796650093049
348,3.2893483538672355,1,51,0.595,0.825,0.6087972940971291,5.639584865686418,0.9649209000635892
477,3.2899797995375355,12,53,0.6459999999999999,0.292,0.8194768882845472,3.6627775169040833,1.0201358059421182
162,3.290102340431853,22,60,0.664,0.43200000000000005,0.10577782155585497,0.3103943952696948,0.9838820460718124
356,3.290903915465203,1,49,0.564,0.895,2.086469744118403,2.3846339113259267,0.9056905792094768
106,3.2911934924214483,32,55,0.66,0.231,0.5288004005199389,1.845661381580733,0.9319575720001012
317,3.291394683944606,9,60,0.8340000000000001,0.9990000000000001,2.8288722414192367,5.868577027337213,1.1668534479103982
460,3.2922902800249285,13,61,0.733,0.815,4.502170472050818,1.5929451889598458,1.1655521229840815
37,3.295163953451699,1,46,0.618,0.157,1.6067550514683702,4.862121878200238,0.9248758829198778
99,3.29568495778614,21,39,0.514,0.34,0.4462363828581167,1.354474198652491,0.7045083430130035
169,3.2960013062475637,10,55,0.615,0.63,2.1309493792116085,0.14415164015777482,1.0303571550175548
210,3.296451933157165,8,31,0.71,0.685,1.0029180085546407,1.6040887338551908,0.6528972240630537
419,3.2974338799943115,10,52,0.615,0.873,1.7807840940744968,2.9985862122319915,0.9111806480214
20,3.2979621343941883,13,62,0.752,0.221,4.113444779622748,0.38041884305574136,1.0782936320174483
360,3.2984735676011767,3,43,0.632,0.8190000000000001,2.6005109250217866,2.924013050815125,0.8136677360162139
124,3.2987144955783867,11,52,0.677,0.695,3.2460072218298124,3.499222912731072,1.0344900018535554
330,3.299299774457017,2,33,0.609,0.997,0.4457420763627949,4.640509285894769,0.7158825448714197
235,3.2994398182894247,1,52,0.652,0.369,3.1308247325599683,1.5334905524773683,0.9702583581674844
0,3.300731382958872,7,48,0.8109999999999999,0.3,4.384284480842918,1.599763578899667,1.0337921301834283
346,3.3010345894117474,4,41,0.644,0.871,1.6864688281630968,6.465066483900722,1.0282919730525464
374,3.301744096903424,7,45,0.5720000000000001,0.9690000000000001,0.8203972566150016,5.137968071677448,0.8120441550854594
354,3.3019395878519933,8,36,0.613,0.799,0.9124179454395376,5.404076725448056,0.7151109518017621
395,3.3021921681075486,31,49,0.63,0.9009999999999999,0.3208114564844179,4.343840697507248,1.0228186519816518
455,3.3041772901947737,1,42,0.698,0.96,2.253004742316865,3.2022984365622187,0.9868454600218683
399,3.304498022744636,30,50,0.757,0.8690000000000001,2.613726751478468,6.045436770871498,1.1480976149905473
186,3.3047104681382753,24,28,0.8540000000000001,0.624,1.8035704336847225,2.6315117358430884,0.5886047021485865
21,3.3047596044354517,12,62,0.732,0.201,3.7742019394123836,0.17044370085888086,1.0831522080115974
187,3.304829963951643,13,48,0.767,0.56,4.146960489159017,1.1811710604144674,0.8872859708499163
391,3.3049035564336746,6,40,0.508,0.821,2.402002807990808,2.6424485404507023,0.7729324109386653
205,3.305039955640902,12,26,0.812,0.787,0.6918940182170343,1.9290846974125064,0.5576931468676776
347,3.306339111092025,36,43,0.69,0.904,0.11779895935607923,3.7008357076001888,0.7308846928644925
144,3.3065659611244804,17,40,0.7609999999999999,0.9620000000000001,3.1579892228943915,1.722209528093455,0.7720522410236299
86,3.3073570910692913,19,36,0.6940000000000001,0.23,1.5332219306352777,7.738823876229521,1.504974813899025
142,3.3079548004244197,12,59,0.428,0.72,0.14700985998503724,4.754793591970022,0.8980133021250367
492,3.309887169886496,3,40,0.823,0.899,3.1508488645833577,1.5319209484804257,0.8534553139470518
130,3.3099769081312616,21,42,0.871,0.66,3.532234822530812,3.199753432932152,0.8554442569147795
350,3.3100627189304968,5,39,0.6759999999999999,0.94,1.877165035177469,4.5856906252333065,0.7476593130268157
196,3.3103818340266566,8,33,0.8759999999999999,0.767,3.0734828680132127,2.7885300648484344,0.7567643879447132
97,3.3105503001069327,15,52,0.674,0.501,3.0718557539749485,1.6835556319911231,0.917421099031344
36,3.31074440939694,9,29,0.8009999999999999,0.24600000000000002,0.9260293851523258,4.027661680121464,0.6158580218907446
88,3.3111091538257478,3,41,0.8270000000000001,0.207,3.4277431925909885,4.534947696863645,1.5868037790060043
104,3.3117780929086162,31,42,0.7190000000000001,0.47,2.2697996420720297,2.2486034589199075,0.7752184600103647
26,3.311801280842912,33,44,0.5,0.615,1.4494220395531547,0.9934646028034344,0.761534899007529
381,3.3132071338739904,2,47,0.608,0.83,1.5654600723163783,4.852615995420479,0.8894656749907881
312,3.3136705053605784,6,50,0.76,0.9229999999999999,3.314658681041226,2.303259244185438,0.9859226229600608
75,3.3144230926307316,14,63,0.544,0.445,2.9062072831526344,3.8373119952509316,1.1071070590987802
496,3.314725283815725,5,49,0.813,0.828,3.8577817076283054,3.5992803441995123,0.9619558111298828
234,3.3154085232962065,11,62,0.7440000000000001,0.7340000000000001,3.6947425675849597,0.11429181809835487,1.0578329120762646
109,3.316076737649663,19,25,0.7809999999999999,0.598,0.9179178249336782,0.7241950075111983,0.5257089459337294
44,3.3164343552282216,6,59,0.773,0.45,3.5136686045792693,1.603302944359936,1.1221372510772198
156,3.318116579608448,14,59,0.748,0.616,3.378800119881568,2.4936113237774604,1.0892916859593242
313,3.3183316960406213,32,56,0.537,0.728,1.2776425652273449,2.529955219457139,0.9000152370426804
170,3.3196582534867187,6,51,0.465,0.66,1.383592217976166,1.4052609400574143,0.8854160399641842
61,3.3206431334060467,5,21,0.853,0.711,0.13851424043322236,2.2416736971996585,0.5744343439582735
222,3.320924068439536,13,43,0.88,0.465,5.121432647693388,1.4337595158030134,0.8207609388045967
202,3.3214913513384365,4,64,0.446,0.537,1.9401048188155747,8.812597335981756,1.1210987630765883
482,3.3233887624660188,38,45,0.846,0.7859999999999999,2.9574417615408346,9.441534338962104,0.8553502399008721
225,3.323473265229201,3,57,0.8009999999999999,0.552,5.473371799732564,2.8913256310294573,1.0406064840499312
207,3.3235386165250644,10,46,0.8859999999999999,0.564,6.4579046835237035,0.881559505388122,0.8700356530025601
490,3.324140603240536,5,47,0.759,0.9209999999999999,4.293635799665823,2.663252427082726,0.9531411039642991
281,3.324877968070564,9,58,0.433,0.631,1.9971325277227128,2.4206659668814536,1.2640359099023044
62,3.325007244352942,25,36,0.74,0.518,3.0817559808277872,3.551875888822984,0.7550239560659975
319,3.325270881784707,8,61,0.718,0.772,4.338492257700709,2.864198560980165,1.0948057661298662
25,3.3278650813066872,26,56,0.44,0.40700000000000003,0.1658758878936235,1.257708172315102,0.9195469568949192
74,3.3280724100404018,12,61,0.6629999999999999,0.187,3.9627235012845934,1.8343265935754105,1.09202951611951
110,3.3283801077236497,36,63,0.816,0.361,2.0513538951403683,4.72061234339253,1.0716517358087003
114,3.329324486653397,14,54,0.6990000000000001,0.147,4.481848093677309,8.70824329536554,1.026233318960294
105,3.3293832361437867,18,35,0.9,0.3,3.969632360243041,9.73556689522691,0.7543513770215213
177,3.329409408502962,17,56,0.6509999999999999,0.8170000000000001,3.7064215410411054,1.635954161633704,0.96984431007877
375,3.3294778983340185,4,46,0.539,0.993,2.0805202713058057,6.768138124121228,0.8290550590027124
47,3.329574421220439,15,26,0.711,0.311,2.363869667975118,4.387548601077231,0.5671295940410346
73,3.329596571470748,19,53,0.49700000000000005,0.29600000000000004,3.400311092357363,4.158111107702506,0.8897192189469934
335,3.329730121124898,7,55,0.446,0.919,1.4108899481649468,2.745878028756028,0.8923399420455098
308,3.332960293665197,7,28,0.639,0.782,1.4923813820826886,5.084201301759147,0.5954376340378076
393,3.3347005663432774,3,57,0.78,0.797,6.228822921850115,3.4350343460938837,1.0786597859114408
49,3.3383428206789185,4,59,0.649,0.8370000000000001,5.042816067756216,2.697349078952362,1.8544503420125693
353,3.3386080533382336,1,50,0.691,0.884,4.6582090139305805,4.338027237107829,0.9692375750746578
90,3.339648881551599,14,57,0.73,0.375,4.841800328178188,6.156886965968906,1.034050427144393
311,3.3398927318182627,3,54,0.56,0.877,2.6105528373235916,2.657786491653105,0.9670006670057774
94,3.339936263165558,16,54,0.45799999999999996,0.42200000000000004,2.695557436141761,1.971392535361248,0.8966368739493191
91,3.3407113967581066,34,50,0.853,0.57,5.5518669206417375,1.1173619413061435,0.8543761700857431
392,3.3429074816082727,8,37,0.45399999999999996,0.9279999999999999,1.9229912189459932,4.7488526532925786,0.6794001851230861
321,3.3447243089257963,1,25,0.765,0.802,1.0995901785028095,4.409538635598143,0.6874570781365037
384,3.345141143112368,7,55,0.706,0.91,5.0370891919775165,5.01586863139701,0.9841656610369682
204,3.3454899982601485,6,54,0.8390000000000001,0.7090000000000001,5.763883630733945,4.476032487244564,0.9576857041101904
400,3.3457317790311585,31,46,0.731,0.915,4.0924956126898735,3.882279850516412,1.117205471964553
337,3.3463032020613634,7,53,0.501,0.963,3.942995200472709,4.148342559733367,0.8964319790247828
247,3.3471349473010137,20,56,0.898,0.695,6.6912800877394965,1.0673326798509055,0.8848118030000478
64,3.347292751040845,17,61,0.643,0.67,4.645088312069984,0.5957983426813307,1.1867583841085434
357,3.3476673195460616,33,34,0.7090000000000001,0.866,1.499371513107311,3.508460576911536,0.607390803983435
12,3.3478189353995917,3,28,0.677,0.408,2.3543581435800136,6.502152165152775,0.6243014619685711
23,3.3492013026648526,23,52,0.42200000000000004,0.441,2.6608621120266958,3.649927179948116,0.88839883194305
77,3.351505013592825,16,51,0.804,1.0,5.293370456204238,2.978694441300972,1.3190904790535571
332,3.3527229431737138,4,49,0.6779999999999999,0.981,5.616783033186087,3.3591624286980917,0.9612615332007408
211,3.3532470104075336,1,38,0.8009999999999999,0.652,4.764066737980251,2.509099427544524,0.8073323729913682
39,3.3543845544504967,10,33,0.7120000000000001,0.185,3.9990560646580624,1.7430430042256946,0.6714015109464526
30,3.3548832421403962,26,50,0.57,0.622,3.2337219014975678,0.6713600414194796,0.8789079478010535
96,3.35518741109479,12,18,0.857,0.456,1.2342586720908428,0.10418213221412898,0.5548436890821904
452,3.356330289121633,7,61,0.395,0.986,1.4602143513264425,3.769959250995663,1.0280664758756757
33,3.357409860189936,11,64,0.708,0.159,5.5381324317244385,8.315015823121806,1.0881777829490602
376,3.358185368935467,39,49,0.693,0.9420000000000001,2.843131022562829,4.432657253880946,3.5549441720359027
349,3.3599156427633163,3,48,0.625,0.919,3.07709563436432,6.091340956620496,0.9124603650998324
359,3.3602593980522855,5,45,0.78,1.0,5.914305151489768,3.269225153161898,0.8202171958982944
368,3.3623741059389847,4,44,0.6,0.95,3.7452384424698177,3.1463416516689517,0.7964204999152571
121,3.3633148063551936,1,58,0.615,0.9840000000000001,5.760144912867702,5.519631538751493,1.072036240948364
172,3.3656594123552472,14,23,0.674,0.44,0.4134052848519798,0.9373551515987212,0.5057348089758307
43,3.3695252392706503,15,48,0.821,0.252,7.1368184686963785,5.041332442358674,0.8592568521853536
378,3.3719481615039566,3,51,0.586,0.861,5.277830518962667,5.7360017662462175,0.922420839080587
200,3.371990410468072,9,18,0.9,0.648,1.164247411122373,2.396335356544707,0.4551894571632147
463,3.3733255594031837,7,62,0.331,0.861,1.0270504129350897,1.7266939427924062,0.9602383750025184
83,3.373524328523204,10,45,0.835,0.39299999999999996,6.234727716962674,0.3234163459117938,0.8196535902097821
215,3.374548981231765,7,61,0.415,0.932,1.795111031346191,1.9378799410925875,0.9636112451553344
339,3.3754005266947282,2,56,0.6940000000000001,0.8420000000000001,6.43118238908411,3.3136506985563794,0.972457234049216
87,3.37656096242724,7,27,0.778,0.278,4.282720732354377,1.550975030685127,1.2339525879360735
363,3.376563387804112,5,51,0.792,0.9640000000000001,7.343030018187601,3.739750698578015,0.8438189390581101
388,3.3785518031782926,2,27,0.6809999999999999,0.853,3.262032768125155,3.699628682943291,0.6269034189172089
249,3.3790398765271763,5,61,0.703,0.35200000000000004,7.010781594305928,3.0408731339752344,0.9552927061449736
380,3.381618729194213,26,56,0.77,0.9990000000000001,7.656448579643722,5.511761263356519,1.2847383739426732
289,3.3826864912673096,2,55,0.736,0.883,8.591827211055751,5.000826779406071,0.9637888479046524
42,3.3841964995153404,17,40,0.618,0.102,4.653420954450528,3.1679610146480077,0.7481139199808241
445,3.3842019474078797,10,54,0.304,0.831,2.0212447600551644,1.73579601335805,1.3125926358625293
188,3.384299848918618,10,64,0.6859999999999999,0.45399999999999996,6.150557182188067,8.228486552623796,1.0521587401162833
229,3.384813148575584,9,23,0.897,0.815,4.100913128767192,2.6769756078619493,0.5176303319167346
268,3.3891927876712744,21,57,0.8690000000000001,0.667,7.9255591657125315,2.43604169974348,0.8826442861463875
174,3.3897506424153705,21,54,0.8029999999999999,0.607,6.8755656852608205,1.1813265508737911,0.8901644840370864
55,3.3899979730432266,39,61,0.39799999999999996,0.63,4.318598930080995,4.0838025941156335,0.9631719801109284
369,3.390051013181317,7,40,0.7290000000000001,0.9129999999999999,7.01169753415257,3.5426115616158165,0.7838521159719676
10,3.3903932963849326,17,37,0.6679999999999999,0.889,5.4495655778055285,5.419014921356387,0.6995816989801824
111,3.3905033804881857,23,47,0.47700000000000004,0.191,5.3038703346292,1.0125735276295305,0.8736179720144719
133,3.39252495184877,3,40,0.35600000000000004,0.7959999999999999,1.2952111311712011,4.16074207170254,0.7751266111154109
176,3.3927839762918377,7,45,0.382,0.65,1.9962887141130912,2.154273572114636,0.7805673230905086
115,3.393861354887793,4,56,0.649,0.732,7.7548040729211305,0.4920675666028362,1.5499995378777385
389,3.396763470263389,11,50,0.41600000000000004,0.884,3.5532183788883973,4.558940990484048,0.8042382549028844
297,3.3969772639600273,2,19,0.736,0.862,0.11409364927832175,2.8131196925820614,0.43712601996958256
379,3.3978126338815184,9,22,0.648,0.89,1.0806516304500855,3.821846587318904,0.6457710720133036
255,3.398224582225192,9,31,0.792,0.778,6.021237262697986,4.196274648159873,0.615085099125281
221,3.3988988479203797,18,56,0.392,0.773,3.3616541981864607,7.978223273788828,0.8847359949722886
107,3.398904132085327,16,38,0.40700000000000003,0.64,2.5046309935108253,5.627665884066894,0.6862601779866964
117,3.400280146053583,7,21,0.752,0.402,2.830269276639012,2.296955442643151,0.4877366931177676
141,3.402336486825177,15,38,0.8440000000000001,0.565,7.240649420063213,3.4158683235609617,0.7377384090796113
498,3.403622622662608,2,52,0.73,0.914,8.451340219724079,1.8238118627057,0.8419226740952581
122,3.4044415514462263,10,62,0.583,0.8959999999999999,6.451651725827047,5.879987283209474,0.9863747491035609
214,3.4068577915930986,6,21,0.604,0.84,2.735362243993985,4.284865331771984,0.5085580539889634
101,3.410222555590875,25,45,0.5539999999999999,0.6859999999999999,6.827505316408068,4.33667557437927,0.8058001790195704
8,3.4104650826964167,18,49,0.84,0.21,9.055452831191676,5.377564594578691,0.7996308931615204
338,3.4118505441850244,6,46,0.7440000000000001,0.995,7.9676851741548935,2.5116105529731896,0.7289170708972961
40,3.4151112494554834,5,24,0.8170000000000001,0.115,5.871350896030528,8.155567221652602,0.5635472228750587
28,3.416560790056113,16,43,0.37,0.33899999999999997,1.9806830767875605,2.1606494502642626,0.7330510560423136
93,3.4207874342631386,10,48,0.882,0.261,8.258926657462425,5.315912685093104,0.8170575459953398
51,3.4246895410695566,11,50,0.37200000000000005,0.754,2.9043974748136683,0.9518159009079016,0.8222311527933925
119,3.425161493379232,2,60,0.797,0.9420000000000001,9.99616187186743,2.8966973505351814,0.7889246600680053
464,3.4256289283949233,6,29,0.373,0.8390000000000001,1.312312968474938,2.361696574390763,0.5455884370021522
45,3.429510803835782,8,37,0.355,0.975,2.6007333078392185,2.061077118823534,0.6736195739358664
342,3.4365483650282997,6,30,0.731,0.863,8.938663486051922,1.8276990150660692,0.6024558329954743
178,3.4371160415365543,16,59,0.698,0.573,8.65044139294244,0.70634794427133,0.8064457350410521
16,3.439400317540556,29,59,0.856,0.789,9.843542209211712,6.7912674002582225,0.7478656300809234
52,3.4408648694676947,4,59,0.45899999999999996,0.927,6.046469663038637,5.228103654337362,1.599610605975613
120,3.44124542859871,17,64,0.258,0.948,0.2372889028392625,6.526155625780305,0.8875912129878998
242,3.4412532445627626,13,64,0.86,0.6729999999999999,9.78607138947045,3.719687954505439,0.7931048881728202
253,3.4416239300744143,11,58,0.544,0.8240000000000001,7.4563805955471665,0.7215273267385689,0.8103720750659704
226,3.4468005176963823,16,63,0.846,0.589,9.292123574547247,2.1410476270735077,0.7879260249901563
56,3.454130471311992,8,31,0.5920000000000001,0.925,7.287857433103047,5.692710818389164,0.9856730140745641
19,3.4549071781684337,8,37,0.622,0.7140000000000001,8.134263597237464,2.4277160166812486,0.7450044611468911
13,3.4587257421680824,7,30,0.575,0.564,6.763249017772397,5.851658667611744,0.616863549919799
228,3.459530855263905,15,15,0.767,0.85,1.0898298981624257,6.736867637458524,0.378285245038569
252,3.460948049770188,18,45,0.354,0.72,3.532478420290412,0.3606426611370028,0.7030835791956633
326,3.4622951144060736,1,39,0.57,0.981,9.271793271150349,3.802803820829299,0.7692808948922902
7,3.463332840350601,14,34,0.528,0.109,8.146674246471221,5.842968768660202,0.6869980788324028
112,3.4680529919218883,6,58,0.627,0.809,8.782921353083074,7.1431912627706815,0.8844064981676638
14,3.4690496151190664,5,17,0.8440000000000001,0.898,4.989444068249344,5.957422495326442,0.5001640128903091
191,3.4690849458659927,1,56,0.281,0.7929999999999999,1.505277796418056,3.3228348168047797,0.916841648053378
50,3.4818767087791405,6,64,0.525,0.9740000000000001,9.052674508548346,6.23438662617262,0.8735885061323643
116,3.488010195930305,29,44,0.315,0.102,4.2050376917758925,4.026566228881324,0.7005769540555775
383,3.5010184751787965,1,52,0.552,0.9309999999999999,9.902182175975748,3.32610087624252,0.8671589319128543
9,3.505798487381137,28,20,0.426,0.11900000000000001,3.1945835960524747,2.7878034548362787,0.4608493889681995
476,3.511628586529893,7,24,0.6729999999999999,0.977,9.625246610229679,1.669056540710066,0.5017303859349339
54,3.5119219987503065,1,14,0.5379999999999999,0.7070000000000001,1.1482376616698913,0.6147062205148586,0.4098277948796749
138,3.517124703779951,26,35,0.52,0.9990000000000001,9.59427359613446,3.0848036704248525,0.5916107278317213
307,3.519422417769904,11,16,0.489,0.9059999999999999,2.4186605423213723,4.022136292937152,0.3617430261801928
206,3.5229546767167186,38,51,0.335,0.624,4.405099181124628,3.8959762246221517,0.7791531221009791
60,3.5331175508760797,13,64,0.27899999999999997,0.584,2.1869827760009573,6.753420114444647,1.1566718199755996
248,3.5398162042293277,30,53,0.248,0.5539999999999999,1.79500635210352,5.2920618343877095,0.7646574978716671
240,3.547194119759982,3,11,0.8220000000000001,0.616,0.7181036399289755,1.8546972379836668,0.32247629994526505
95,3.5484767408550417,9,14,0.703,0.7290000000000001,2.1034541417089176,4.913035573285443,0.4405667439568788
2,3.5494285660608016,7,14,0.838,0.992,6.495370142862156,5.535564210259042,0.478046960895881
165,3.5571209442953315,20,12,0.637,0.5770000000000001,0.5846324279946922,1.0511656858032403,0.325122999958694
46,3.5587522602774753,2,53,0.209,0.557,1.8518641665166056,9.772176110625242,0.8363839399535209
167,3.559873271116526,13,17,0.49200000000000005,0.503,8.276769143347089,0.5913985428334246,0.3924001380801201
237,3.574720548286583,7,62,0.19699999999999998,0.638,0.1300959226967997,3.9298870344654326,0.8415136458352208
198,3.5883488258502663,5,57,0.231,0.873,3.254656123749849,1.4855980303337804,0.859562223078683
11,3.5929472554239816,33,39,0.18,0.535,1.3878253071415452,4.269809668445242,0.5890343938954175
218,3.6006624281729365,13,64,0.162,0.7,0.7852117801269485,5.68821708104829,0.8551581080537289
430,3.6050654369330095,6,10,0.795,0.8290000000000001,1.1520284418299136,2.4121426666699572,0.29531010496430105
352,3.613164792567879,3,13,0.7340000000000001,0.846,8.37730011569225,2.6881632864477987,0.3373302719555795
59,3.6168011465206216,31,57,0.23199999999999998,0.669,3.6376564695692335,1.1932467630307328,0.8851756511721759
468,3.621008997297073,10,56,0.265,0.748,5.6457667440920485,1.9213700765092148,0.8044126580934972
15,3.621403719790023,37,11,0.6729999999999999,0.669,1.3516752281120679,7.343975289588758,0.3032579531427473
3,3.626979808115829,30,12,0.778,0.33,6.6529635066738955,9.051689899335983,0.34203628497198224
103,3.6505968133604885,22,9,0.57,0.125,0.7940325041816139,3.6615298905494797,0.2742664909455925
128,3.667390656661071,9,45,0.19,0.7440000000000001,3.828673005060716,3.7237794676581135,0.6818980241660029
1,3.7004729011169033,27,10,0.659,0.7979999999999999,9.992440146301384,4.7140843552740215,0.2725199998822063
462,3.7073430538738408,9,59,0.21600000000000003,0.7659999999999999,6.575325420131639,1.4409661810172532,0.7394950869493186
17,3.710709507262938,23,23,0.28300000000000003,0.51,7.807448821340847,9.088688041284446,0.43622438586316997
6,3.727451163626754,37,11,0.313,0.777,0.14970343932868851,9.294615673631947,0.2853804330807179
160,3.743820490057996,12,8,0.7070000000000001,0.48,7.603705268160316,0.20142674844023464,0.24403408193029466
223,3.774323451615424,34,7,0.628,0.42700000000000005,2.284656890931951,0.11031043121802142,0.19812608999200165
63,3.8284644253626037,11,49,0.152,0.475,1.2851962520644806,1.9468870778638079,0.7826597720850259
465,3.8350531389647298,11,57,0.12300000000000001,0.892,0.10214024791328807,2.1206366613402303,0.7400513470638543
32,3.840776911963686,1,5,0.794,0.146,3.2498912623737173,1.7494677942565529,0.1761900340206921
29,3.8408735596561785,20,46,0.124,0.48100000000000004,0.6957831380954467,3.5332172048714763,0.6300778968725353
5,3.8901783607677207,3,10,0.252,0.873,9.05409284037116,7.146181746705918,0.30193464597687125
4,3.9129208487418894,37,11,0.174,0.28800000000000003,6.576791056216956,7.3501318571865575,0.2723051749635488
309,3.928658804400965,4,4,0.815,0.715,0.9927188869953107,3.6896072223732896,0.16193642793223262
137,3.9349293184675056,25,49,0.14400000000000002,0.606,2.7323964927901905,5.177450080634962,0.6377962131518871
53,3.9642333040303512,18,6,0.32899999999999996,0.845,9.469182209833834,4.664705121686397,0.16875413013622165
201,4.020367259782656,9,5,0.303,0.728,0.8737747006340337,4.102230610675437,0.15085899201221764
57,4.213567192011995,14,54,0.106,0.816,0.5057756356571096,2.7176317172671793,0.8153580639045686
195,4.230438093805357,6,63,0.109,0.69,2.1573847887773514,1.7134223629545084,0.7252404228784144
